{"options":[{"enabled":true,"definition":{"id":"5d58cc01-7c75-450c-be18-a388ddb129ec"},"inputs":{"branchFilters":"[\"+refs/heads/*\"]","additionalFields":"{}"}},{"enabled":false,"definition":{"id":"a9db38f9-9fdc-478c-b0f9-464221e58316"},"inputs":{"workItemType":"Issue","assignToRequestor":"true","additionalFields":"{}"}}],"variables":{"system.debug":{"value":"false","allowOverride":true}},"properties":{},"tags":[],"_links":{"self":{"href":"https://dev.azure.com/danielsmith0781/30c3b78d-2a25-4bc9-bd13-29c02df91402/_apis/build/Definitions/16?revision=18"},"web":{"href":"https://dev.azure.com/danielsmith0781/30c3b78d-2a25-4bc9-bd13-29c02df91402/_build/definition?definitionId=16"},"editor":{"href":"https://dev.azure.com/danielsmith0781/30c3b78d-2a25-4bc9-bd13-29c02df91402/_build/designer?id=16&_a=edit-build-definition"},"badge":{"href":"https://dev.azure.com/danielsmith0781/30c3b78d-2a25-4bc9-bd13-29c02df91402/_apis/build/status/16"}},"buildNumberFormat":"$(date:yyyyMMdd)$(rev:.r)","jobAuthorizationScope":1,"jobTimeoutInMinutes":60,"jobCancelTimeoutInMinutes":5,"badgeEnabled":true,"process":{"phases":[{"steps":[{"environment":{},"enabled":true,"continueOnError":false,"alwaysRun":false,"displayName":"Maven pom.xml","timeoutInMinutes":0,"condition":"succeeded()","task":{"id":"ac4ee482-65da-4485-a532-7b085873e532","versionSpec":"3.*","definitionType":"task"},"inputs":{"mavenPOMFile":"$(Parameters.mavenPOMFile)","goals":"package","options":"","publishJUnitResults":"true","testResultsFiles":"**/surefire-reports/TEST-*.xml","testRunTitle":"","codeCoverageTool":"None","classFilter":"","classFilesDirectories":"","srcDirectories":"","failIfCoverageEmpty":"false","javaHomeSelection":"JDKVersion","jdkVersion":"default","jdkUserInputPath":"","jdkArchitecture":"x64","mavenVersionSelection":"Default","mavenPath":"","mavenSetM2Home":"false","mavenOpts":"-Xmx1024m","mavenFeedAuthenticate":"false","skipEffectivePom":"false","sqAnalysisEnabled":"false","isJacocoCoverageReportXML":"false","sqMavenPluginVersionChoice":"latest","checkstyleAnalysisEnabled":"false","pmdAnalysisEnabled":"false","findbugsAnalysisEnabled":"false"}},{"environment":{},"enabled":true,"continueOnError":false,"alwaysRun":false,"displayName":"ServiceNow DevOps Agent Artifact Registration","timeoutInMinutes":0,"condition":"succeeded()","task":{"id":"645fcebf-b387-420e-b586-58bda1e3716e","versionSpec":"1.*","definitionType":"task"},"inputs":{"connectedServiceName":"cb15e71d-dc8a-467a-af63-c5c3fc9f71de","artifactsPayload":"{\n   \"artifacts\": [\n      {\n         \"name\": \"globex-web.war\",\n         \"version\": \"1.$(Build.BuildId)\",\n         \"semanticVersion\": \"1.$(Build.BuildId).0\",\n         \"repositoryName\": \"demorepo\"\n      }\n   ]\n}"}}],"name":"Build","refName":"Job_1","condition":"succeeded()","target":{"executionOptions":{"type":0},"allowScriptsAuthAccessOption":false,"type":1},"jobAuthorizationScope":1},{"dependencies":[{"scope":"Job_1","event":"Completed"}],"steps":[{"environment":{},"enabled":true,"continueOnError":false,"alwaysRun":false,"displayName":"Maven pom.xml","timeoutInMinutes":0,"condition":"succeeded()","task":{"id":"ac4ee482-65da-4485-a532-7b085873e532","versionSpec":"3.*","definitionType":"task"},"inputs":{"mavenPOMFile":"pom.xml","goals":"test","options":"","publishJUnitResults":"true","testResultsFiles":"**/surefire-reports/TEST-*.xml","testRunTitle":"TestJob","codeCoverageTool":"None","classFilter":"","classFilesDirectories":"","srcDirectories":"","failIfCoverageEmpty":"false","javaHomeSelection":"JDKVersion","jdkVersion":"default","jdkUserInputPath":"","jdkArchitecture":"x64","mavenVersionSelection":"Default","mavenPath":"","mavenSetM2Home":"false","mavenOpts":"-Xmx1024m","mavenFeedAuthenticate":"false","skipEffectivePom":"false","sqAnalysisEnabled":"false","isJacocoCoverageReportXML":"false","sqMavenPluginVersionChoice":"latest","checkstyleAnalysisEnabled":"false","pmdAnalysisEnabled":"false","findbugsAnalysisEnabled":"false"}}],"name":"Test","refName":"Job_2","condition":"succeeded()","target":{"executionOptions":{"type":0},"allowScriptsAuthAccessOption":false,"type":1},"jobAuthorizationScope":1},{"dependencies":[{"scope":"Job_2","event":"Completed"}],"steps":[{"environment":{},"enabled":true,"continueOnError":false,"alwaysRun":false,"displayName":"ServiceNow DevOps Server Change Acceleration","timeoutInMinutes":0,"condition":"succeeded()","task":{"id":"cc385e0a-d0b6-44e5-b891-6a20cac0cfe7","versionSpec":"1.*","definitionType":"task"},"inputs":{"connectedServiceName":"cb15e71d-dc8a-467a-af63-c5c3fc9f71de","UpstreamJob":"","headers":"{\n\"Content-Type\":\"application/json\", \n\"PlanUrl\": \"$(system.CollectionUri)\", \n\"ProjectId\": \"$(system.TeamProjectId)\", \n\"HubName\": \"$(system.HostType)\", \n\"PlanId\": \"$(system.PlanId)\", \n\"TimelineId\": \"$(system.TimelineId)\", \n\"TaskInstanceId\": \"$(system.TaskInstanceId)\", \n\"AuthToken\": \"$(system.AccessToken)\"\n}"}}],"name":"ChangeRequest","refName":"Job_3","condition":"succeeded()","target":{"executionOptions":{"type":0},"type":2},"jobAuthorizationScope":1},{"dependencies":[{"scope":"Job_3","event":"Completed"}],"steps":[{"environment":{},"enabled":true,"continueOnError":false,"alwaysRun":false,"displayName":"Maven pom.xml","timeoutInMinutes":0,"condition":"succeeded()","task":{"id":"ac4ee482-65da-4485-a532-7b085873e532","versionSpec":"3.*","definitionType":"task"},"inputs":{"mavenPOMFile":"pom.xml","goals":"package","options":"","publishJUnitResults":"true","testResultsFiles":"**/surefire-reports/TEST-*.xml","testRunTitle":"","codeCoverageTool":"None","classFilter":"","classFilesDirectories":"","srcDirectories":"","failIfCoverageEmpty":"false","javaHomeSelection":"JDKVersion","jdkVersion":"default","jdkUserInputPath":"","jdkArchitecture":"x64","mavenVersionSelection":"Default","mavenPath":"","mavenSetM2Home":"false","mavenOpts":"-Xmx1024m","mavenFeedAuthenticate":"false","skipEffectivePom":"false","sqAnalysisEnabled":"false","isJacocoCoverageReportXML":"false","sqMavenPluginVersionChoice":"latest","checkstyleAnalysisEnabled":"false","pmdAnalysisEnabled":"false","findbugsAnalysisEnabled":"false"}},{"environment":{},"enabled":true,"continueOnError":false,"alwaysRun":true,"displayName":"Copy Files to: $(build.artifactstagingdirectory)","timeoutInMinutes":0,"condition":"succeededOrFailed()","task":{"id":"5bfb729a-a7c8-4a78-a7c3-8d717bb7c13c","versionSpec":"2.*","definitionType":"task"},"inputs":{"SourceFolder":"$(system.defaultworkingdirectory)","Contents":"**/*.war","TargetFolder":"$(build.artifactstagingdirectory)","CleanTargetFolder":"false","OverWrite":"false","flattenFolders":"false","preserveTimestamp":"false"}},{"environment":{},"enabled":true,"continueOnError":false,"alwaysRun":false,"displayName":"ServiceNow DevOps Agent Package Registration","timeoutInMinutes":0,"condition":"succeeded()","task":{"id":"d610a5f3-d9ab-417c-a225-acce53c7aa5a","versionSpec":"1.*","definitionType":"task"},"inputs":{"connectedServiceName":"cb15e71d-dc8a-467a-af63-c5c3fc9f71de","packageName":"globex-package","artifactsPayload":"{\n    \"artifacts\": [\n    {\n        \"name\": \"globex-web.war\",\n        \"repositoryName\": \"demorepo\",\n        \"version\": \"1.$(build.buildId)\",\n        \"pipelineName\":\"$(system.teamProject)/$(build.definitionName)\",\n        \"taskExecutionNumber\":\"$(build.buildId)\",\n        \"stageName\":\"$(system.jobDisplayName)\",\n        \"branchName\":\"$(build.sourceBranchName)\"\n    }],\n    \"pipelineName\":\"$(system.teamProject)/$(build.definitionName)\",\n    \"taskExecutionNumber\":\"$(build.buildId)\",\n    \"stageName\":\"$(system.jobDisplayName)\",\n    \"branchName\":\"$(build.sourceBranchName)\"\n}"}}],"name":"Deploy","refName":"Job_4","condition":"succeeded()","target":{"executionOptions":{"type":0},"allowScriptsAuthAccessOption":false,"type":1},"jobAuthorizationScope":1}],"target":{"agentSpecification":{"identifier":"internal-macos-10.15"}},"type":1},"repository":{"properties":{"cleanOptions":"0","labelSources":"0","labelSourcesFormat":"$(build.buildNumber)","reportBuildStatus":"true","gitLfsSupport":"false","skipSyncSource":"false","checkoutNestedSubmodules":"false","fetchDepth":"0"},"id":"ce84c37b-61bd-44b1-856d-2bfe1491a66a","type":"TfsGit","name":"GlobexDemo","url":"https://dev.azure.com/danielsmith0781/GlobexDemo/_git/GlobexDemo","defaultBranch":"refs/heads/master","clean":"false","checkoutSubmodules":false},"processParameters":{"inputs":[{"aliases":[],"options":{},"properties":{},"name":"mavenPOMFile","label":"Maven POM file","defaultValue":"pom.xml","required":true,"type":"filePath","helpMarkDown":""}]},"quality":1,"authoredBy":{"displayName":"Danny Smith","url":"https://spsprodcus1.vssps.visualstudio.com/A4c3220b6-0963-492e-a86d-3ca3d3e99152/_apis/Identities/0a1319c6-42d1-68ec-bcac-0934ca128262","_links":{"avatar":{"href":"https://dev.azure.com/danielsmith0781/_apis/GraphProfile/MemberAvatars/aad.MGExMzE5YzYtNDJkMS03OGVjLWJjYWMtMDkzNGNhMTI4MjYy"}},"id":"0a1319c6-42d1-68ec-bcac-0934ca128262","uniqueName":"daniel.smith@servicenow.com","imageUrl":"https://dev.azure.com/danielsmith0781/_apis/GraphProfile/MemberAvatars/aad.MGExMzE5YzYtNDJkMS03OGVjLWJjYWMtMDkzNGNhMTI4MjYy","descriptor":"aad.MGExMzE5YzYtNDJkMS03OGVjLWJjYWMtMDkzNGNhMTI4MjYy"},"drafts":[],"queue":{"_links":{"self":{"href":"https://dev.azure.com/danielsmith0781/_apis/build/Queues/27"}},"id":27,"name":"Azure Pipelines","url":"https://dev.azure.com/danielsmith0781/_apis/build/Queues/27","pool":{"id":9,"name":"Azure Pipelines","isHosted":true}},"id":16,"name":"Globex Build Pipeline-Azure","url":"https://dev.azure.com/danielsmith0781/30c3b78d-2a25-4bc9-bd13-29c02df91402/_apis/build/Definitions/16?revision=18","uri":"vstfs:///Build/Definition/16","path":"\\","type":2,"queueStatus":0,"revision":18,"createdDate":"2020-10-30T17:01:37.050Z","project":{"id":"30c3b78d-2a25-4bc9-bd13-29c02df91402","name":"GlobexDemo","url":"https://dev.azure.com/danielsmith0781/_apis/projects/30c3b78d-2a25-4bc9-bd13-29c02df91402","state":1,"revision":46,"visibility":0,"lastUpdateTime":"2020-07-30T20:25:08.257Z"}}